{"epoch":0,"_wandb":{"runtime":172},"_timestamp":1.739593655571659e+09,"_runtime":172.967277676,"_step":115,"charts/train_loss":54.78473,"global_step":82,"charts/SPS":0.48942176}