{"charts/train_loss":58.00361,"global_step":35,"_timestamp":1.739755225207084e+09,"charts/SPS":0.50671047,"epoch":0,"_wandb":{"runtime":72},"_runtime":70.38675507,"_step":48}