{"gradients/reward_head.5.weight":{"values":[2,2,0,1,1,0,3,1,0,3,0,2,4,3,1,4,3,5,1,5,7,5,16,11,20,18,44,87,135,288,537,1074,3184,24345,1427,628,356,183,97,65,47,30,27,12,16,12,6,5,8,8,6,4,5,2,2,3,2,1,1,1,0,0,0,2],"bins":[-0.014675077050924301,-0.014233026653528214,-0.013790976256132126,-0.013348925858736038,-0.012906874530017376,-0.012464824132621288,-0.0120227737352252,-0.011580723337829113,-0.011138672940433025,-0.010696622543036938,-0.010254571214318275,-0.009812520816922188,-0.0093704704195261,-0.008928420022130013,-0.008486369624733925,-0.008044319227337837,-0.007602268364280462,-0.007160217966884375,-0.006718167103827,-0.006276116706430912,-0.005834066309034824,-0.005392015445977449,-0.004949965048581362,-0.004507914651185274,-0.004065863788127899,-0.0036238133907318115,-0.003181762993335724,-0.0027397123631089926,-0.0022976617328822613,-0.0018556113354861736,-0.0014135607052594423,-0.0009715101914480329,-0.0005294596776366234,-8.740913472138345e-05,0.0003546414081938565,0.0007966919802129269,0.0012387424940243363,0.0016807930078357458,0.002122843638062477,0.0025648940354585648,0.003006944665685296,0.0034489952959120274,0.003891045693308115,0.004333096090704203,0.004775146953761578,0.005217197351157665,0.005659247748553753,0.006101298611611128,0.0065433490090072155,0.006985399406403303,0.007427450269460678,0.007869500666856766,0.008311551064252853,0.008753601461648941,0.009195651859045029,0.009637703187763691,0.010079753585159779,0.010521803982555866,0.010963854379951954,0.011405904777348042,0.01184795517474413,0.012290006503462791,0.012732056900858879,0.013174107298254967,0.013616157695651054],"_type":"histogram"},"global_step":340,"charts/learning_rate":0.0008,"charts/SPS":0.6689804,"_step":479,"charts/train_loss":54.75991,"_timestamp":1.7396029805610886e+09,"charts/avg_train_loss":54.799763,"charts/avg_val_loss":54.74829,"gradients/reward_head.0.weight":{"values":[1,0,0,1,0,0,2,1,1,1,1,1,3,5,3,2,5,11,11,10,16,17,17,28,25,25,41,48,69,95,135,248,351,590,2420,387149,629,392,260,156,91,77,49,46,27,23,22,19,18,9,19,10,6,5,4,5,2,4,1,2,1,2,1,3],"bins":[-0.15291491150856018,-0.14855268597602844,-0.1441904753446579,-0.13982824981212616,-0.13546602427959442,-0.13110381364822388,-0.12674158811569214,-0.122379370033741,-0.11801715195178986,-0.11365492641925812,-0.10929270833730698,-0.10493049025535583,-0.1005682647228241,-0.09620604664087296,-0.09184382855892181,-0.08748160302639008,-0.08311938494443893,-0.07875716686248779,-0.07439494132995605,-0.07003272324800491,-0.06567050516605377,-0.06130828335881233,-0.05694606155157089,-0.05258384346961975,-0.04822162166237831,-0.04385939985513687,-0.03949718177318573,-0.03513495996594429,-0.030772740021348,-0.02641052007675171,-0.02204829826951027,-0.01768607832491398,-0.013323858380317688,-0.008961638435721397,-0.004599417559802532,-0.0002371971495449543,0.004125023260712624,0.008487243205308914,0.01284946408122778,0.017211684957146645,0.021573904901742935,0.025936124846339226,0.030298344790935516,0.034660566598176956,0.039022788405418396,0.04338500648736954,0.04774722829461098,0.05210944637656212,0.05647166818380356,0.060833889991045,0.06519611179828644,0.06955832988023758,0.07392054796218872,0.07828277349472046,0.0826449915766716,0.08700720965862274,0.09136943519115448,0.09573165327310562,0.10009387135505676,0.1044560894370079,0.10881831496953964,0.11318053305149078,0.11754275113344193,0.12190497666597366,0.1262671947479248],"_type":"histogram"},"gradients/reward_head.3.weight":{"_type":"histogram","values":[1,0,1,0,2,2,1,1,3,4,2,2,7,11,2,12,14,9,15,15,26,36,44,56,79,120,363,129728,160,109,64,50,32,19,19,11,7,7,3,4,8,5,5,3,1,2,2,1,0,1,0,1,0,0,0,1,0,0,0,0,0,0,0,1],"bins":[-0.025101497769355774,-0.024178210645914078,-0.02325492352247238,-0.022331634536385536,-0.02140834741294384,-0.020485060289502144,-0.0195617713034153,-0.018638484179973602,-0.017715197056531906,-0.01679190993309021,-0.015868622809648514,-0.014945333823561668,-0.014022046700119972,-0.013098759576678276,-0.012175471521914005,-0.011252183467149734,-0.010328896343708038,-0.009405609220266342,-0.008482321165502071,-0.007559033576399088,-0.006635745987296104,-0.005712458398193121,-0.0047891708090901375,-0.003865883219987154,-0.0029425956308841705,-0.002019308041781187,-0.0010960204526782036,-0.0001727328635752201,0.0007505547255277634,0.0016738423146307468,0.0025971299037337303,0.003520417492836714,0.004443705081939697,0.005366992671042681,0.006290280260145664,0.007213567849248648,0.008136855438351631,0.009060142561793327,0.009983430616557598,0.010906718671321869,0.011830005794763565,0.012753292918205261,0.013676580972969532,0.014599869027733803,0.015523156151175499,0.016446443274617195,0.01736973226070404,0.018293019384145737,0.019216306507587433,0.02013959363102913,0.021062880754470825,0.02198616974055767,0.022909456863999367,0.023832743987441063,0.02475603297352791,0.025679320096969604,0.0266026072204113,0.027525894343852997,0.028449181467294693,0.02937247045338154,0.030295757576823235,0.03121904470026493,0.032142333686351776,0.03306562080979347,0.03398890793323517]},"_wandb":{"runtime":511},"gradients/reward_head.3.bias":{"_type":"histogram","values":[1,0,0,0,0,0,0,0,0,0,0,0,1,1,0,2,1,0,0,3,0,1,3,2,3,5,1,1,4,5,5,8,3,8,4,6,9,11,43,33,16,11,7,8,14,4,2,3,4,3,0,3,2,3,2,5,0,0,1,1,2,0,0,1],"bins":[-0.012437097728252411,-0.012117989361286163,-0.01179888192564249,-0.011479773558676243,-0.011160665191709995,-0.010841556824743748,-0.010522449389100075,-0.010203341022133827,-0.00988423265516758,-0.009565125219523907,-0.00924601685255766,-0.008926908485591412,-0.008607800118625164,-0.008288692682981491,-0.007969584316015244,-0.007650475949048996,-0.007331368047744036,-0.0070122601464390755,-0.006693151779472828,-0.006374043878167868,-0.00605493551120162,-0.00573582760989666,-0.005416719242930412,-0.005097611341625452,-0.004778503440320492,-0.004459395073354244,-0.004140287172049284,-0.0038211788050830364,-0.003502070903778076,-0.0031829627696424723,-0.0028638546355068684,-0.0025447465013712645,-0.0022256383672356606,-0.0019065302331000566,-0.0015874220989644527,-0.0012683140812441707,-0.0009492059471085668,-0.0006300978129729629,-0.00031098973704501987,8.118367986753583e-06,0.00032722647301852703,0.0006463346071541309,0.0009654426830820739,0.001284550759010017,0.0016036588931456208,0.0019227670272812247,0.002241875045001507,0.0025609831791371107,0.0028800913132727146,0.0031991994474083185,0.0035183075815439224,0.0038374157156795263,0.00415652384981513,0.0044756317511200905,0.004794740118086338,0.005113848019391298,0.0054329559206962585,0.005752064287662506,0.006071172188967466,0.006390280555933714,0.006709388457238674,0.007028496824204922,0.007347604725509882,0.0076667130924761295,0.00798582099378109]},"gradients/reward_head.7.weight":{"values":[1,0,0,0,0,0,0,0,0,0,0,2,1,0,0,3,0,1,3,0,4,0,2,1,1,5,2,5,8,4,53,5,3,2,3,3,2,0,0,1,1,3,1,1,1,1,1,0,0,0,1,0,0,0,1,1,0,0,0,0,0,0,0,1],