{"_step":73,"charts/SPS":0.46249935,"epoch":0,"_wandb":{"runtime":118},"charts/train_loss":NaN,"global_step":52,"_timestamp":1.739604410059814e+09,"_runtime":118.021956863}