{"_runtime":15.085369244,"_step":9,"charts/SPS":0.49488112,"epoch":0,"_wandb":{"runtime":15},"charts/train_loss":55.025352,"global_step":6,"_timestamp":1.7396001350372527e+09}