{"charts/SPS":0.80420804,"gradients/reward_head.3.bias":{"values":[1,0,0,0,0,0,0,0,0,1,0,0,0,0,0,0,0,0,0,1,1,1,0,1,4,4,6,7,12,6,154,22,8,5,6,3,2,3,1,1,1,2,0,0,0,0,0,2,0,0,0,0,0,0,0,0,0,0,0,0,0,0,0,1],"bins":[-0.003513702191412449,-0.0033999166917055845,-0.0032861309591680765,-0.003172345459461212,-0.003058559726923704,-0.00294477422721684,-0.0028309887275099754,-0.0027172029949724674,-0.002603417495265603,-0.0024896319955587387,-0.0023758462630212307,-0.0022620607633143663,-0.002148275263607502,-0.002034489531069994,-0.0019207040313631296,-0.0018069184152409434,-0.0016931327991187572,-0.001579347182996571,-0.0014655615668743849,-0.0013517760671675205,-0.0012379904510453343,-0.0011242048349231482,-0.0010104193352162838,-0.0008966337190940976,-0.0007828481029719114,-0.0006690624868497252,-0.0005552769289352,-0.00044149134191684425,-0.0003277057548984885,-0.0002139201678801328,-0.00010013458086177707,1.365100615657866e-05,0.0001274365931749344,0.00024122218019329011,0.00035500776721164584,0.00046879335423000157,0.0005825789412483573,0.0006963645573705435,0.0008101501152850688,0.000923935673199594,0.0010377212893217802,0.0011515069054439664,0.0012652925215661526,0.001379078021273017,0.0014928636373952031,0.0016066492535173893,0.0017204347532242537,0.0018342203693464398,0.001948005985468626,0.0020617914851754904,0.0021755772177129984,0.0022893627174198627,0.0024031484499573708,0.002516933949664235,0.0026307194493710995,0.0027445051819086075,0.002858290681615472,0.002972076181322336,0.003085861913859844,0.0031996474135667086,0.003313432913273573,0.003427218645811081,0.0035410041455179453,0.0036547898780554533,0.0037685753777623177],"_type":"histogram"},"gradients/reward_head.0.bias":{"_type":"histogram","values":[1,0,0,0,1,0,0,0,0,0,0,0,1,2,1,0,0,0,0,1,0,0,2,0,0,1,1,0,1,1,1,2,0,1,476,0,3,2,1,1,0,2,0,1,1,1,2,1,0,0,2,0,0,0,1,0,0,0,0,0,0,0,0,1],"bins":[-0.001190721057355404,-0.0011566306930035353,-0.0011225403286516666,-0.0010884500807151198,-0.0010543597163632512,-0.0010202693520113826,-0.000986178987659514,-0.0009520886815153062,-0.0009179983171634376,-0.000883907952811569,-0.0008498176466673613,-0.0008157272823154926,-0.000781636917963624,-0.0007475466118194163,-0.0007134562474675477,-0.0006793659413233399,-0.0006452755769714713,-0.0006111852126196027,-0.000577094906475395,-0.0005430045421235263,-0.0005089142359793186,-0.00047482387162745,-0.00044073350727558136,-0.0004066431720275432,-0.000372552836779505,-0.00033846250153146684,-0.00030437216628342867,-0.00027028180193156004,-0.00023619146668352187,-0.0002021011314354837,-0.0001680107816355303,-0.0001339204318355769,-9.983021300286055e-05,-6.573987047886476e-05,-3.164952795486897e-05,2.4408145691268146e-06,3.65311570931226e-05,7.062149961711839e-05,0.00010471184214111418,0.00013880219194106758,0.00017289252718910575,0.00020698286243714392,0.00024107321223709732,0.0002751635620370507,0.0003092538972850889,0.00034334423253312707,0.0003774345968849957,0.00041152493213303387,0.00044561526738107204,0.0004797056026291102,0.0005137959378771484,0.000547886302229017,0.0005819766083732247,0.0006160669727250934,0.000650157337076962,0.0006842476432211697,0.0007183380075730383,0.000752428371924907,0.0007865186780691147,0.0008206090424209833,0.0008546994067728519,0.0008887897129170597,0.0009228800772689283,0.000956970383413136,0.0009910607477650046]},"gradients/reward_head.3.weight":{"values":[2,1,1,2,0,2,2,4,4,2,6,10,16,38,36,110,401,129988,248,89,43,25,6,9,9,3,3,0,0,3,3,1,0,0,1,0,0,0,0,0,1,0,0,0,2,0,0,0,0,0,0,0,0,0,0,0,0,0,0,0,0,0,0,1],"bins":[-0.020810803398489952,-0.019616372883319855,-0.018421940505504608,-0.01722750999033451,-0.016033079475164413,-0.014838648959994316,-0.013644217513501644,-0.012449786067008972,-0.011255355551838875,-0.010060925036668777,-0.008866493590176105,-0.007672062609344721,-0.006477631628513336,-0.0052832006476819515,-0.004088769666850567,-0.002894338686019182,-0.0016999077051877975,-0.0005054767243564129,0.0006889542564749718,0.0018833852373063564,0.003077816218137741,0.004272247198969126,0.00546667817980051,0.006661109160631895,0.00785554014146328,0.009049970656633377,0.010244402103126049,0.011438833549618721,0.012633264064788818,0.013827694579958916,0.015022126026451588,0.01621655747294426,0.017410989850759506,0.018605420365929604,0.0197998508810997,0.020994283258914948,0.022188713774085045,0.023383144289255142,0.02457757666707039,0.025772007182240486,0.026966437697410583,0.02816086821258068,0.029355298727750778,0.030549731105566025,0.03174415975809097,0.03293859213590622,0.034133024513721466,0.035327453166246414,0.03652188554406166,0.03771631792187691,0.038910746574401855,0.0401051789522171,0.04129961133003235,0.0424940399825573,0.04368847236037254,0.04488290101289749,0.04607733339071274,0.047271765768527985,0.04846619442105293,0.04966062679886818,0.05085505545139313,0.052049487829208374,0.05324392020702362,0.05443834885954857,0.055632781237363815],"_type":"histogram"},"_step":137,"epoch":0,"gradients/reward_head.7.weight":{"_type":"histogram","values":[1,0,0,1,0,0,1,1,0,1,0,0,1,1,1,2,0,2,2,1,1,3,0,0,0,2,1,2,0,2,0,0,2,1,2,2,1,0,0,0,1,0,0,0,1,1,2,0,0,88,0,0,0,0,0,0,0,0,0,0,0,0,0,1],"bins":[-0.11854762583971024,-0.11613110452890396,-0.11371459066867828,-0.11129806935787201,-0.10888154804706573,-0.10646502673625946,-0.10404851287603378,-0.10163199156522751,-0.09921547025442123,-0.09679895639419556,-0.09438243508338928,-0.09196591377258301,-0.08954939246177673,-0.08713287860155106,-0.08471635729074478,-0.08229983597993851,-0.07988332211971283,-0.07746680080890656,-0.07505027949810028,-0.072633758187294,-0.07021724432706833,-0.06780072301626205,-0.06538420170545578,-0.0629676803946495,-0.06055116653442383,-0.058134645223617554,-0.05571812763810158,-0.0533016063272953,-0.05088508874177933,-0.04846856743097305,-0.04605204984545708,-0.0436355285346508,-0.04121900722384453,-0.03880248963832855,-0.03638596832752228,-0.0339694507420063,-0.03155292943120003,-0.02913641184568405,-0.026719892397522926,-0.0243033729493618,-0.021886853501200676,-0.01947033405303955,-0.017053814604878426,-0.014637296088039875,-0.01222077663987875,-0.009804257191717625,-0.007387738209217787,-0.004971219226717949,-0.0025546997785568237,-0.0001381805632263422,0.0022783386521041393,0.004694857634603977,0.007111377082765102,0.009527896530926228,0.011944415047764778,0.014360934495925903,0.01677745394408703,0.019193973392248154,0.02161049284040928,0.024027012288570404,0.02644352987408638,0.028860049322247505,0.03127656877040863,0.033693090081214905,0.03610960766673088]},"gradients/reward_head.5.weight":{"_type":"histogram","values":[1,0,0,0,0,1,1,2,0,1,0,1,3,2,3,6,6,3,6,2,15,9,12,14,18,25,28,35,41,41,51,53,79,90,127,150,376,30420,305,211,162,130,79,59,41,38,27,30,14,8,12,5,7,4,2,4,1,3,2,0,1,0,0,1],