{"epoch":40,"_wandb":{"runtime":33},"_timestamp":1.7397429703535726e+09,"_runtime":33.367747453,"_step":17,"charts/train_loss":54.693794,"global_step":12,"charts/SPS":0.43041438}