{"gradients/reward_head.3.weight":{"bins":[-0.04547948017716408,-0.043857842683792114,-0.04223620891571045,-0.040614571422338486,-0.03899293392896652,-0.03737130016088486,-0.035749662667512894,-0.03412802889943123,-0.032506391406059265,-0.03088475577533245,-0.029263120144605637,-0.027641482651233673,-0.02601984702050686,-0.024398211389780045,-0.02277657389640808,-0.021154938265681267,-0.019533302634954453,-0.017911667004227638,-0.016290031373500824,-0.01466839388012886,-0.013046758249402046,-0.011425122618675232,-0.009803486056625843,-0.008181849494576454,-0.00656021386384964,-0.004938577767461538,-0.0033169416710734367,-0.0016953055746853352,-7.366947829723358e-05,0.001547966618090868,0.0031696027144789696,0.004791238810867071,0.006412871181964874,0.008034506812691689,0.009656143374741077,0.011277779936790466,0.01289941556751728,0.014521051198244095,0.01614268869161606,0.017764324322342873,0.019385959953069687,0.0210075955837965,0.022629231214523315,0.02425086870789528,0.025872504338622093,0.027494139969348907,0.02911577746272087,0.030737413093447685,0.0323590487241745,0.03398068621754646,0.03560231998562813,0.03722395747900009,0.03884559124708176,0.04046722874045372,0.042088866233825684,0.04371050000190735,0.04533213749527931,0.046953774988651276,0.04857540875673294,0.050197046250104904,0.05181868374347687,0.05344031751155853,0.055061955004930496,0.05668358877301216,0.058305226266384125],"_type":"histogram","values":[1,2,1,1,0,2,2,4,2,6,7,5,9,7,17,9,18,18,23,28,50,69,85,136,239,410,816,4619,122687,797,363,199,126,62,48,41,30,32,18,17,10,15,7,8,7,2,1,3,0,2,2,2,0,2,1,0,1,0,1,0,1,0,0,1]},"gradients/reward_head.0.bias":{"values":[2,0,0,0,0,0,0,1,0,1,0,0,4,1,1,2,5,2,1,3,2,2,5,424,9,3,4,10,2,4,4,4,2,0,2,3,1,1,1,0,1,0,0,2,0,1,0,0,0,1,0,0,0,0,0,0,0,0,0,0,0,0,0,1],"bins":[-0.0023857271298766136,-0.0022863212507218122,-0.0021869151387363672,-0.002087509259581566,-0.001988103147596121,-0.0018886972684413195,-0.0017892912728711963,-0.001689885277301073,-0.0015904793981462717,-0.0014910734025761485,-0.0013916674070060253,-0.0012922614114359021,-0.001192855415865779,-0.0010934494202956557,-0.0009940435411408544,-0.0008946375455707312,-0.000795231550000608,-0.0006958255544304848,-0.0005964196170680225,-0.0004970136214978993,-0.00039760765503160655,-0.0002982016885653138,-0.00019879570754710585,-9.93897338048555e-05,1.6239937394857407e-08,9.942221367964521e-05,0.00019882818742189556,0.00029823416844010353,0.00039764013490639627,0.000497046101372689,0.0005964520969428122,0.0006958580343052745,0.0007952640298753977,0.0008946700254455209,0.000994076021015644,0.0010934819001704454,0.0011928878957405686,0.0012922938913106918,0.001391699886880815,0.0014911058824509382,0.0015905117616057396,0.0016899177571758628,0.001789323752745986,0.0018887297483161092,0.0019881357438862324,0.0020875416230410337,0.0021869477350264788,0.00228635361418128,0.002385759726166725,0.0024851656053215265,0.002584571484476328,0.002683977596461773,0.0027833834756165743,0.0028827895876020193,0.0029821954667568207,0.003081601345911622,0.003181007457897067,0.0032804133370518684,0.0033798194490373135,0.003479225328192115,0.003578631207346916,0.0036780373193323612,0.0037774431984871626,0.0038768493104726076,0.003976255189627409],"_type":"histogram"},"gradients/reward_head.3.bias":{"values":[1,0,0,0,0,0,0,0,0,1,2,0,0,1,1,0,0,0,4,3,3,5,2,6,4,3,1,4,7,4,5,9,13,92,19,14,6,6,8,8,3,1,2,1,1,1,3,2,1,3,1,0,0,0,1,1,1,0,0,0,1,0,0,1],"bins":[-0.00346852233633399,-0.00336648803204298,-0.0032644534949213266,-0.0031624191906303167,-0.003060384886339307,-0.0029583503492176533,-0.0028563160449266434,-0.0027542817406356335,-0.00265224720351398,-0.00255021289922297,-0.00244817859493196,-0.0023461440578103065,-0.0022441097535192966,-0.0021420754492282867,-0.002040040912106633,-0.0019380066078156233,-0.0018359721871092916,-0.0017339377664029598,-0.00163190346211195,-0.0015298690414056182,-0.0014278346206992865,-0.0013258003164082766,-0.0012237658957019448,-0.001121731474995613,-0.0010196971707046032,-0.0009176627499982715,-0.0008156283292919397,-0.0007135939667932689,-0.0006115596042945981,-0.0005095251835882664,-0.00040749082108959556,-0.0003054564294870943,-0.000203422037884593,-0.00010138765355804935,6.46730768494308e-07,0.00010268111509503797,0.00020471549942158163,0.0003067498910240829,0.0004087842535227537,0.0005108186742290854,0.0006128530367277563,0.0007148873992264271,0.0008169218199327588,0.0009189561824314296,0.0010209905449301004,0.0011230249656364322,0.001225059386342764,0.0013270936906337738,0.0014291281113401055,0.0015311625320464373,0.0016331968363374472,0.001735231257043779,0.0018372656777501106,0.0019392999820411205,0.002041334519162774,0.002143368823453784,0.002245403127744794,0.0023474376648664474,0.0024494719691574574,0.0025515062734484673,0.002653540810570121,0.0027555751148611307,0.0028576094191521406,0.002959643956273794,0.003061678260564804],"_type":"histogram"},"charts/train_loss":54.784077,"_timestamp":1.7396030790626903e+09,"gradients/reward_head.5.bias":{"bins":[-0.007378865964710712,-0.007204778026789427,-0.007030690088868141,-0.0068566021509468555,-0.00668251421302557,-0.006508426275104284,-0.006334338337182999,-0.006160250399261713,-0.005986162461340427,-0.005812074989080429,-0.0056379870511591434,-0.005463899113237858,-0.005289811175316572,-0.0051157232373952866,-0.004941635299474001,-0.004767547361552715,-0.00459345942363143,-0.004419371485710144,-0.004245283547788858,-0.004071195609867573,-0.003897107671946287,-0.003723019966855645,-0.0035489320289343596,-0.003374844091013074,-0.0032007561530917883,-0.0030266682151705027,-0.002852580277249217,-0.0026784923393279314,-0.0025044046342372894,-0.002330316696316004,-0.002156228758394718,-0.0019821408204734325,-0.0018080524168908596,-0.001633964478969574,-0.0014598765410482883,-0.0012857887195423245,-0.001111700781621039,-0.0009376128436997533,-0.0007635249639861286,-0.0005894370842725039,-0.0004153491463512182,-0.00024126123753376305,-6.717332871630788e-05,0.0001069145801011473,0.00028100248891860247,0.00045509039773605764,0.0006291783065535128,0.0008032661862671375,0.0009773541241884232,0.0011514420621097088,0.0013255300000309944,0.0014996178215369582,0.0016737057594582438,0.0018477936973795295,0.0020218815188854933,0.002195969456806779,0.0023700573947280645,0.00254414533264935,0.002718233270570636,0.0028923212084919214,0.0030664089135825634,0.003240496851503849,0.0034145847894251347,0.0035886727273464203,0.003762760665267706],"_type":"histogram","values":[1,1,0,0,0,0,0,0,0,0,0,0,0,0,0,0,0,0,0,1,0,0,0,0,0,1,0,0,1,0,0,0,0,0,0,0,0,0,2,6,6,5,91,6,2,0,0,0,0,0,0,2,1,0,0,0,0,0,0,0,0,0,1,1]},"epoch":0,"_wandb":{"runtime":86},"gradients/reward_head.7.bias":{"_type":"histogram","values":[1],"bins":[3.25031578540802e-07,3.25031578540802e-07]},"gradients/reward_head.7.weight":{"values":[1,0,1,1,1,1,1,0,0,0,0,1,0,0,1,0,1,1,2,0,0,3,2,1,0,1,1,1,0,1,3,3,2,2,67,4,1,2,0,2,0,1,2,0,0,2,1,0,1,4,0,1,1,0,1,0,1,1,0,1,1,0,0,2],