{"charts/train_loss":54.835182,"global_step":12,"_timestamp":1.7396075694893472e+09,"_runtime":35.447243904,"_step":16,"charts/SPS":0.3744404,"epoch":0,"_wandb":{"runtime":36}}