{"_step":0,"_wandb":{"runtime":8},"charts/train_loss":54.78349,"global_step":0,"_timestamp":1.739745019510408e+09,"_runtime":8.394639565}