{"charts/train_loss":54.75344,"global_step":12,"_timestamp":1.7397431741899955e+09,"charts/SPS":0.43235508,"epoch":40,"_wandb":{"runtime":31},"_runtime":30.402351459,"_step":16}