{"gradients/reward_head.3.weight":{"_type":"histogram","values":[2,0,0,0,0,0,0,1,0,0,0,0,1,1,6,0,5,5,7,7,7,6,16,16,28,45,62,91,115,217,390,754,1969,122295,2849,954,460,250,147,105,78,54,31,31,13,14,6,6,7,3,2,5,3,2,3,0,1,1,0,0,0,0,0,1],"bins":[-0.05244330316781998,-0.050884854048490524,-0.04932640492916107,-0.04776795580983162,-0.04620950669050217,-0.04465106129646301,-0.04309261217713356,-0.04153416305780411,-0.039975713938474655,-0.0384172648191452,-0.03685881569981575,-0.0353003665804863,-0.033741921186447144,-0.03218347206711769,-0.03062502294778824,-0.029066573828458786,-0.027508124709129333,-0.02594967558979988,-0.02439122647047043,-0.022832779213786125,-0.021274330094456673,-0.01971588097512722,-0.018157433718442917,-0.016598984599113464,-0.015040535479784012,-0.01348208636045456,-0.011923638172447681,-0.010365189984440804,-0.008806740865111351,-0.007248292211443186,-0.005689843557775021,-0.004131394904106855,-0.0025729425251483917,-0.0010144938714802265,0.0005439547821879387,0.002102403435856104,0.003660852089524269,0.005219300743192434,0.0067777493968605995,0.008336197584867477,0.00989464670419693,0.011453095823526382,0.01301154401153326,0.014569992199540138,0.01612844131886959,0.017686890438199043,0.019245337694883347,0.0208037868142128,0.02236223593354225,0.023920685052871704,0.025479134172201157,0.02703758142888546,0.028596030548214912,0.030154479667544365,0.03171292692422867,0.03327137604355812,0.03482982516288757,0.036388274282217026,0.03794672340154648,0.03950517252087593,0.04106362164020538,0.04262206703424454,0.04418051615357399,0.04573896527290344,0.047297414392232895]},"gradients/reward_head.5.bias":{"_type":"histogram","values":[1,0,0,0,0,1,0,0,0,0,0,0,1,0,0,1,3,4,9,101,2,0,0,0,0,0,1,0,0,1,1,0,0,0,0,0,0,0,0,0,0,1,0,0,0,0,0,0,0,0,0,0,0,0,0,0,0,0,0,0,0,0,0,1],"bins":[-0.004583866335451603,-0.0043429359793663025,-0.004102005623281002,-0.003861075034365058,-0.003620144445449114,-0.0033792140893638134,-0.003138283733278513,-0.002897353144362569,-0.0026564227882772684,-0.002415492432191968,-0.002174561843276024,-0.0019336314871907234,-0.0016927010146901011,-0.0014517705421894789,-0.0012108401861041784,-0.0009699097136035562,-0.0007289792411029339,-0.00048804879770614207,-0.00024711835430935025,-6.187910912558436e-06,0.00023474253248423338,0.0004756729758810252,0.000716603419277817,0.0009575338335707784,0.0011984643060714006,0.001439394778572023,0.0016803252510726452,0.0019212556071579456,0.002162185963243246,0.00240311655215919,0.0026440469082444906,0.0028849774971604347,0.003125907853245735,0.0033668382093310356,0.0036077687982469797,0.00384869915433228,0.004089629743248224,0.004330560099333525,0.004571490455418825,0.004812420811504126,0.005053351633250713,0.005294281989336014,0.005535212345421314,0.005776142701506615,0.006017073057591915,0.006258003413677216,0.006498934235423803,0.006739864591509104,0.006980794947594404,0.007221725303679705,0.007462655659765005,0.007703586481511593,0.007944516837596893,0.008185447193682194,0.008426377549767494,0.008667307905852795,0.008908238261938095,0.009149168618023396,0.009390098974108696,0.009631030261516571,0.009871960617601871,0.010112890973687172,0.010353821329772472,0.010594751685857773,0.010835682041943073]},"charts/SPS":0.8248798,"gradients/reward_head.0.weight":{"bins":[-0.016334012150764465,-0.015810497105121613,-0.01528698019683361,-0.014763464219868183,-0.014239948242902756,-0.013716432265937328,-0.013192916288971901,-0.012669400312006474,-0.012145884335041046,-0.011622368358075619,-0.011098852381110191,-0.010575336404144764,-0.010051820427179337,-0.00952830445021391,-0.009004788473248482,-0.008481272496283054,-0.007957756519317627,-0.0074342405423521996,-0.006910724565386772,-0.006387208588421345,-0.005863692611455917,-0.00534017663449049,-0.0048166606575250626,-0.004293144680559635,-0.0037696287035942078,-0.0032461127266287804,-0.002722596749663353,-0.0021990807726979256,-0.0016755647957324982,-0.0011520488187670708,-0.0006285328418016434,-0.00010501686483621597,0.0004184972494840622,0.0009420132264494896,0.001465529203414917,0.0019890451803803444,0.002512561157345772,0.003036077134311199,0.0035595931112766266,0.004083109088242054,0.004606625065207481,0.005130141042172909,0.005653657019138336,0.006177172996103764,0.006700688973069191,0.007224204950034618,0.007747720927000046,0.008271236903965473,0.0087947528809309,0.009318268857896328,0.009841784834861755,0.010365300811827183,0.01088881678879261,0.011412332765758038,0.011935848742723465,0.012459364719688892,0.01298288069665432,0.013506396673619747,0.014029912650585175,0.014553428627550602,0.01507694460451603,0.015600460581481457,0.016123976558446884,0.016647491604089737,0.01717100851237774],"_type":"histogram","values":[1,1,3,4,4,6,5,5,7,9,8,13,12,10,14,39,36,55,60,74,94,148,216,278,448,652,1109,1865,3650,7606,23271,331403,10993,4674,2497,1344,859,493,341,243,137,121,87,71,57,42,27,24,18,19,12,11,9,2,8,4,4,1,3,3,2,1,2,1]},"epoch":0,"gradients/reward_head.5.weight":{"values":[1,2,0,1,1,1,2,1,2,2,2,4,7,16,8,15,27,25,21,30,29,42,59,74,74,73,109,162,156,282,409,28566,946,356,222,154,138,104,89,88,94,63,43,39,30,39,39,30,23,16,17,8,3,7,2,2,1,4,3,0,1,2,1,1],"bins":[-0.04677963629364967,-0.045307405292987823,-0.043835174292325974,-0.04236294701695442,-0.04089071601629257,-0.03941848501563072,-0.03794625401496887,-0.03647402301430702,-0.03500179201364517,-0.03352956473827362,-0.03205733373761177,-0.03058510273694992,-0.02911287173628807,-0.02764064259827137,-0.02616841159760952,-0.02469618245959282,-0.02322395145893097,-0.02175172045826912,-0.02027949132025242,-0.01880726031959057,-0.017335031181573868,-0.015862800180912018,-0.014390569180250168,-0.012918339110910892,-0.011446109041571617,-0.009973878972232342,-0.008501648902893066,-0.007029417902231216,-0.005557187832891941,-0.004084957763552666,-0.002612727228552103,-0.001140496926382184,0.00033173710107803345,0.0018039674032479525,0.0032761977054178715,0.004748428240418434,0.0062206583097577095,0.007692888379096985,0.009165119379758835,0.01063734944909811,0.012109579518437386,0.013581809587776661,0.015054039657115936,0.016526270657777786,0.017998501658439636,0.019470730796456337,0.020942961797118187,0.022415190935134888,0.023887421935796738,0.025359652936458588,0.02683188207447529,0.02830411307513714,0.02977634221315384,0.03124857321381569,0.03272080421447754,0.03419303521513939,0.03566526621580124,0.03713749349117279,0.03860972449183464,0.04008195549249649,0.04155418649315834,0.04302641749382019,0.04449864476919174,0.04597087576985359,0.04744310677051544],"_type":"histogram"},"gradients/reward_head.7.weight":{"_type":"histogram","values":[2,0,1,0,0,0,0,0,0,0,1,0,1,0,1,0,2,1,0,0,1,1,1,0,0,1,2,0,2,8,77,0,0,0,1,1,1,0,2,0,3,0,3,0,0,1,0,2,2,0,0,0,2,1,1,1,0,1,0,1,0,0,1,2],