{"global_step":0,"_timestamp":1.7397450816602986e+09,"_runtime":7.911190579,"_step":0,"_wandb":{"runtime":7},"charts/train_loss":54.797783}