{"_timestamp":1.7396033896897032e+09,"_runtime":300.571450247,"_wandb":{"runtime":300},"gradients/reward_head.7.weight":{"bins":[-0.03228798136115074,-0.03095700778067112,-0.029626034200191498,-0.028295062482357025,-0.026964088901877403,-0.02563311532139778,-0.02430214360356331,-0.022971170023083687,-0.021640196442604065,-0.020309222862124443,-0.01897824928164482,-0.01764727756381035,-0.016316303983330727,-0.014985330402851105,-0.013654357753694057,-0.01232338510453701,-0.010992411524057388,-0.009661437943577766,-0.00833046529442072,-0.006999492179602385,-0.00566851906478405,-0.004337545949965715,-0.003006572835147381,-0.0016755997203290462,-0.00034462660551071167,0.000986346509307623,0.0023173196241259575,0.003648292738944292,0.004979265853762627,0.006310238968580961,0.007641212083399296,0.008972184732556343,0.010303154587745667,0.011634128168225288,0.012965100817382336,0.014296073466539383,0.015627047047019005,0.016958020627498627,0.0182889923453331,0.01961996592581272,0.020950939506292343,0.022281913086771965,0.023612886667251587,0.02494385838508606,0.02627483196556568,0.027605805546045303,0.028936777263879776,0.030267750844359398,0.03159872442483902,0.03292969614267349,0.034260671585798264,0.035591643303632736,0.03692261874675751,0.03825359046459198,0.03958456218242645,0.040915537625551224,0.042246509343385696,0.04357748106122017,0.04490845650434494,0.04623942822217941,0.047570399940013885,0.04890137538313866,0.05023234710097313,0.0515633225440979,0.05289429426193237],"_type":"histogram","values":[1,1,0,1,0,1,0,0,1,1,0,0,2,2,3,3,0,3,0,1,2,2,3,6,59,2,2,1,5,1,0,0,0,0,1,3,0,1,0,2,2,1,2,0,2,1,1,1,0,0,1,0,1,0,0,1,1,1,0,1,0,1,0,1]},"gradients/reward_head.3.bias":{"values":[1,0,3,1,0,0,2,4,3,1,2,2,2,4,3,2,8,4,6,1,5,6,5,10,8,7,8,17,52,7,7,10,10,4,5,1,5,1,3,8,6,3,2,1,2,0,0,2,2,3,1,0,2,1,1,0,0,1,0,0,0,0,0,1],"bins":[-0.012703938409686089,-0.012252003885805607,-0.01180006843060255,-0.011348133906722069,-0.010896199382841587,-0.01044426392763853,-0.009992329403758049,-0.009540394879877567,-0.009088459424674511,-0.00863652490079403,-0.008184590376913548,-0.007732654921710491,-0.0072807203978300095,-0.00682878540828824,-0.006376850418746471,-0.00592491589486599,-0.005472980905324221,-0.005021045915782452,-0.00456911139190197,-0.004117176402360201,-0.003665241412818432,-0.0032133066561073065,-0.002761371899396181,-0.002309436909854412,-0.0018575021531432867,-0.0014055672800168395,-0.0009536324650980532,-0.0005016976501792669,-4.976277705281973e-05,0.000402172066969797,0.0008541069109924138,0.0013060417259112,0.0017579765990376472,0.0022099113557487726,0.0026618463452905416,0.003113781102001667,0.003565716091543436,0.004017650615423918,0.004469585604965687,0.004921520594507456,0.005373455584049225,0.005825390107929707,0.006277325097471476,0.006729260087013245,0.007181194610893726,0.007633129600435495,0.008085064589977264,0.008536999113857746,0.008988933637738228,0.009440869092941284,0.009892803616821766,0.010344739072024822,0.010796673595905304,0.011248608119785786,0.011700543574988842,0.012152478098869324,0.012604412622749805,0.013056348077952862,0.013508282601833344,0.013960217125713825,0.014412152580916882,0.014864087104797363,0.015316021628677845,0.015767956152558327,0.016219891607761383],"_type":"histogram"},"gradients/reward_head.5.weight":{"_type":"histogram","values":[3,5,8,3,3,9,8,3,8,18,5,23,13,29,37,35,49,46,68,71,91,96,131,153,236,292,419,574,947,22864,3256,888,542,389,277,205,159,144,109,104,64,60,59,48,35,39,31,14,22,16,13,10,5,9,1,7,5,2,2,3,1,1,0,1],"bins":[-0.015064396895468235,-0.014560903422534466,-0.014057410880923271,-0.013553917407989502,-0.013050424866378307,-0.012546931393444538,-0.012043438851833344,-0.011539945378899574,-0.011036451905965805,-0.01053295936435461,-0.010029465891420841,-0.009525973349809647,-0.009022479876875877,-0.008518987335264683,-0.008015493862330914,-0.007512000855058432,-0.00700850784778595,-0.006505014840513468,-0.006001521833240986,-0.005498028825968504,-0.004994535818696022,-0.004491042345762253,-0.003987549338489771,-0.003484056331217289,-0.002980563323944807,-0.002477070316672325,-0.001973577309399843,-0.0014700840692967176,-0.0009665910620242357,-0.0004630979965440929,4.039506893604994e-05,0.0005438881344161928,0.0010473821312189102,0.0015508751384913921,0.002054368145763874,0.0025578613858669996,0.0030613543931394815,0.0035648474004119635,0.004068340640515089,0.004571833647787571,0.005075326655060053,0.005578819662332535,0.006082312669605017,0.006585805676877499,0.007089299149811268,0.00759279215708375,0.008096285164356232,0.008599777705967426,0.009103271178901196,0.009606764651834965,0.01011025719344616,0.010613750666379929,0.011117243207991123,0.011620736680924892,0.012124229222536087,0.012627722695469856,0.013131216168403625,0.01363470871001482,0.01413820218294859,0.014641694724559784,0.015145188197493553,0.015648681670427322,0.016152173280715942,0.01665566675364971,0.01715916022658348]},"charts/train_loss":54.787178,"gradients/reward_head.7.bias":{"values":[1],"bins":[-4.12575900554657e-07,-4.12575900554657e-07],"_type":"histogram"},"gradients/reward_head.5.bias":{"_type":"histogram","values":[1,0,0,0,0,0,0,0,0,0,0,0,1,0,0,0,0,0,0,1,1,0,0,0,0,3,0,0,2,1,0,1,2,3,2,8,78,5,1,5,2,1,1,1,0,2,0,0,0,0,1,0,1,0,1,0,1,0,0,0,0,0,1,1],"bins":[-0.04158363118767738,-0.04043593630194664,-0.039288245141506195,-0.03814055025577545,-0.03699285537004471,-0.03584516420960426,-0.03469746932387352,-0.033549774438142776,-0.03240208327770233,-0.03125438839197159,-0.030106693506240845,-0.02895900048315525,-0.027811307460069656,-0.026663612574338913,-0.02551591955125332,-0.024368224665522575,-0.02322053164243698,-0.022072838619351387,-0.020925143733620644,-0.01977745071053505,-0.018629755824804306,-0.017482062801718712,-0.016334369778633118,-0.015186675824224949,-0.01403898186981678,-0.012891287915408611,-0.011743593961000443,-0.010595900937914848,-0.00944820698350668,-0.00830051302909851,-0.007152819540351629,-0.006005126051604748,-0.0048574283719062805,-0.0037097346503287554,-0.0025620409287512302,-0.001414347207173705,-0.00026665348559617996,0.0008810402359813452,0.0020287339575588703,0.0031764276791363955,0.004324121400713921,0.005471815355122089,0.006619508843868971,0.007767202332615852,0.008914896287024021,0.01006259024143219,0.011210283264517784,0.012357977218925953,0.013505671173334122,0.01465336512774229,0.01580105908215046,0.016948752105236053,0.018096446990966797,0.01924414001405239,0.020391833037137985,0.02153952792286873,0.022687220945954323,0.023834913969039917,0.02498260885477066,0.026130301877856255,0.02727799490094185,0.028425689786672592,0.029573382809758186,0.03072107769548893,0.031868770718574524]},"charts/SPS":0.8215139,"gradients/reward_head.0.bias":{"_type":"histogram","values":[1,0,0,0,0,0,0,0,0,0,0,0,0,0,0,0,1,0,0,0,0,0,0,1,504,1,1,0,0,2,0,0,0,0,0,0,0,0,0,0,0,0,0,0,0,0,0,0,0,0,0,0,0,0,0,0,0,0,0,0,0,0,0,1],