{
    "means": {
        "goal_distance": 25.00290765,
        "heading_error": -0.01144954,
        "velocity": 1.2836152,
        "omega": -0.00149038,
        "last_action": [
            1.28372591,
            -0.00149611
        ],
        "preference_ranking": [
            1.2835427186288364,
            -0.00147476722583554
        ]
    },
    "stds": {
        "goal_distance": 16.583546296857016,
        "heading_error": 0.5650810384360814,
        "velocity": 0.2800852548778675,
        "omega": 0.14919312986863706,
        "last_action": [
            0.2798074516520245,
            0.14917040591216477
        ],
        "preference_ranking": [
            0.2802361631817375,
            0.1492861977274237
        ]
    }
}