{
    "means": {
        "goal_distance": 9.886707493584415,
        "heading_error": -0.00850201072417097,
        "velocity": 1.2765753737615684,
        "omega": -0.002504312331437613,
        "last_action": [
            1.27417249
        ],
        "preference_ranking": [
            1.2765752877383227,
            -0.0025043122945302026
        ]
    },
    "stds": {
        "goal_distance": 6.374522710777637,
        "heading_error": 0.44817681236970364,
        "velocity": 0.2818386933609228,
        "omega": 0.1492379970642606,
        "last_action": [
            0.28155290799421695,
            0.14921511317557615
        ],
        "preference_ranking": [
            0.2818391436539243,
            0.14923799976918717
        ]
    }
}