{"_timestamp":1.739755011531582e+09,"_runtime":43.685416315,"_step":25,"charts/SPS":0.4582692,"epoch":0,"_wandb":{"runtime":43},"charts/train_loss":-82.003586,"global_step":18}